{"users":"[{\"name\":\"Guest\",\"password\":\"000\",\"avatar\":\"./img/guest.png\",\"email\":\"guest@join.org\"},{\"name\":\"Lukas Erdmanski\",\"password\":\"123\",\"avatar\":\"./img/lukas.png\",\"email\":\"lukas@join.org\"},{\"name\":\"Nikola Badjevic\",\"password\":\"123\",\"avatar\":\"./img/nikola.png\",\"email\":\"nikola@join.org\"},{\"name\":\"Phil Schmucker\",\"password\":\"123\",\"avatar\":\"./img/phil.png\",\"email\":\"phil@join.org\"},{\"name\":\"Maik Langer\",\"password\":\"123\",\"avatar\":\"./img/maik.png\",\"email\":\"maik@join.org\"}]","allTasks":"[{\"title\":\"fsdfsdf\",\"date\":\"15/09/2022\",\"category\":\"Sales\",\"urgency\":\"Low\",\"description\":\"fsdfsdf\",\"userForTask\":{\"name\":\"Nikola Badjevic\",\"password\":\"123\",\"avatar\":\"./img/nikola.png\",\"email\":\"nikola@join.org\"},\"id\":1662379589850,\"state\":\"testing\"},{\"title\":\"dasdadasd\",\"date\":\"05/09/2022\",\"category\":\"Sales\",\"urgency\":\"Medium\",\"description\":\"dasdasdasddasdasasdasd askjdhsdakjfsdjhfskjdhfgsdmnfvsdm sdjfsmdnfskd csdjhf sdhf sjdf sd fsjdhfs dfsd fsjdhf sdfhskdfhwedfs sdjhfskjdfs sjhdfsj dfhsdgf jsdhfg s dhfgsjdhfg sjdhfg sdjhf sdjhf gsjdhfg sjd fgsd sjdhfg sjhdfgsjhdfgsjhdfgsj dhfgs dsjdhfg sjdhfg sjdhfg sjhdfgsd\",\"userForTask\":{\"name\":\"Lukas Erdmanski\",\"password\":\"123\",\"avatar\":\"./img/lukas.png\",\"email\":\"lukas@join.org\"},\"id\":1662380653697,\"state\":\"toDo\"},{\"title\":\"dasda\",\"date\":\"14/09/2022\",\"category\":\"Sales\",\"urgency\":\"High\",\"description\":\"dasd\",\"userForTask\":{\"name\":\"Phil Schmucker\",\"password\":\"123\",\"avatar\":\"./img/phil.png\",\"email\":\"phil@join.org\"},\"id\":1662380660323,\"state\":\"inProgress\"},{\"title\":\"asdas\",\"date\":\"05/09/2022\",\"category\":\"Management\",\"urgency\":\"High\",\"description\":\"dasdasasdasdas\",\"userForTask\":{\"name\":\"Phil Schmucker\",\"password\":\"123\",\"avatar\":\"./img/phil.png\",\"email\":\"phil@join.org\"},\"id\":1662380670466,\"state\":\"inProgress\"},{\"title\":\"sdasdasd\",\"date\":\"08/09/2022\",\"category\":\"Design\",\"urgency\":\"High\",\"description\":\"dasdasd\",\"userForTask\":{\"name\":\"Nikola Badjevic\",\"password\":\"123\",\"avatar\":\"./img/nikola.png\",\"email\":\"nikola@join.org\"},\"id\":1662380681993,\"state\":\"inProgress\"},{\"title\":\"sdasd\",\"date\":\"01/10/2022\",\"category\":\"Design\",\"urgency\":\"High\",\"description\":\"dasdasd\",\"userForTask\":{\"name\":\"Phil Schmucker\",\"password\":\"123\",\"avatar\":\"./img/phil.png\",\"email\":\"phil@join.org\"},\"id\":1662380686417,\"state\":\"done\"},{\"title\":\"dasdasd\",\"date\":\"05/09/2022\",\"category\":\"Design\",\"urgency\":\"High\",\"description\":\"asdasd\",\"userForTask\":{\"name\":\"Nikola Badjevic\",\"password\":\"123\",\"avatar\":\"./img/nikola.png\",\"email\":\"nikola@join.org\"},\"id\":1662380689887,\"state\":\"inProgress\"}]"}